{
  "project_info": {
    "project_number": "709149247354",
    "project_id": "tn004-291dd",
    "storage_bucket": "tn004-291dd.appspot.com"
  },
  "client": [
    {
      "client_info": {
        "mobilesdk_app_id": "1:709149247354:android:95c91b1a2c84119902f8c3",
        "android_client_info": {
          "package_name": "mx.edu.utez.firebase20213tn004"
        }
      },
      "oauth_client": [
        {
          "client_id": "709149247354-n3gpsoc75b2nap5542phapao2ts79f4b.apps.googleusercontent.com",
          "client_type": 1,
          "android_info": {
            "package_name": "mx.edu.utez.firebase20213tn004",
            "certificate_hash": "40c1cadf7c48c1e60864f3699d84ddbb4aab4c16"
          }
        },
        {
          "client_id": "709149247354-kdvne4b3cv8f1tv38pm1shhauvvl9sla.apps.googleusercontent.com",
          "client_type": 3
        }
      ],
      "api_key": [
        {
          "current_key": "AIzaSyBAbVcjzcN6nH3Puh1YQyAGiNGsmRFhCEE"
        }
      ],
      "services": {
        "appinvite_service": {
          "other_platform_oauth_client": [
            {
              "client_id": "709149247354-kdvne4b3cv8f1tv38pm1shhauvvl9sla.apps.googleusercontent.com",
              "client_type": 3
            }
          ]
        }
      }
    }
  ],
  "configuration_version": "1"
}